file,row_index,shipment_id,reason
train,2402,SHP-42-0023012,exact_duplicate_shipment_id
train,7785,SHP-42-0016063,exact_duplicate_shipment_id
train,9741,SHP-42-0017825,exact_duplicate_shipment_id
train,13149,SHP-42-0046694,exact_duplicate_shipment_id
train,13227,SHP-42-0030601,exact_duplicate_shipment_id
train,13249,SHP-42-0021824,exact_duplicate_shipment_id
train,13593,SHP-42-0040596,exact_duplicate_shipment_id
train,14003,SHP-42-0024602,exact_duplicate_shipment_id
train,14059,SHP-42-0019527,exact_duplicate_shipment_id
train,14248,SHP-42-0000070,exact_duplicate_shipment_id
train,15183,SHP-42-0035857,exact_duplicate_shipment_id
train,15720,SHP-42-0004556,exact_duplicate_shipment_id
train,15823,SHP-42-0028348,exact_duplicate_shipment_id
train,16852,SHP-42-0011490,exact_duplicate_shipment_id
train,17141,SHP-42-0020336,exact_duplicate_shipment_id
train,17313,SHP-42-0002874,exact_duplicate_shipment_id
train,17329,SHP-42-0028568,exact_duplicate_shipment_id
train,18241,SHP-42-0045438,exact_duplicate_shipment_id
train,18965,SHP-42-0031044,exact_duplicate_shipment_id
train,19351,SHP-42-0014535,exact_duplicate_shipment_id
train,19944,SHP-42-0032302,exact_duplicate_shipment_id
train,19986,SHP-42-0031168,exact_duplicate_shipment_id
train,20838,SHP-42-0034191,exact_duplicate_shipment_id
train,22508,SHP-42-0044810,exact_duplicate_shipment_id
train,22565,SHP-42-0023441,exact_duplicate_shipment_id
train,22716,SHP-42-0041110,exact_duplicate_shipment_id
train,24308,SHP-42-0043807,exact_duplicate_shipment_id
train,25492,SHP-42-0046044,exact_duplicate_shipment_id
train,25500,SHP-42-0011160,exact_duplicate_shipment_id
train,25678,SHP-42-0048834,exact_duplicate_shipment_id
train,26450,SHP-42-0000422,exact_duplicate_shipment_id
train,26625,SHP-42-0025367,exact_duplicate_shipment_id
train,26928,SHP-42-0046586,exact_duplicate_shipment_id
train,27025,SHP-42-0047999,exact_duplicate_shipment_id
train,27071,SHP-42-0011201,exact_duplicate_shipment_id
train,27513,SHP-42-0010390,exact_duplicate_shipment_id
train,27567,SHP-42-0039457,exact_duplicate_shipment_id
train,27747,SHP-42-0011184,exact_duplicate_shipment_id
train,27854,SHP-42-0037373,exact_duplicate_shipment_id
train,27904,SHP-42-0048483,exact_duplicate_shipment_id
train,29264,SHP-42-0048814,exact_duplicate_shipment_id
train,30775,SHP-42-0048629,exact_duplicate_shipment_id
train,30827,SHP-42-0026716,exact_duplicate_shipment_id
train,31072,SHP-42-0041509,exact_duplicate_shipment_id
train,31166,SHP-42-0043297,exact_duplicate_shipment_id
train,31336,SHP-42-0013795,exact_duplicate_shipment_id
train,31569,SHP-42-0003059,exact_duplicate_shipment_id
train,31618,SHP-42-0037751,exact_duplicate_shipment_id
train,32180,SHP-42-0017810,exact_duplicate_shipment_id
train,32266,SHP-42-0021274,exact_duplicate_shipment_id
train,32343,SHP-42-0007458,exact_duplicate_shipment_id
train,32882,SHP-42-0032732,exact_duplicate_shipment_id
train,32932,SHP-42-0035304,exact_duplicate_shipment_id
train,34117,SHP-42-0027573,exact_duplicate_shipment_id
train,34176,SHP-42-0002036,exact_duplicate_shipment_id
train,34234,SHP-42-0029500,exact_duplicate_shipment_id
train,34491,SHP-42-0019192,exact_duplicate_shipment_id
train,34586,SHP-42-0047289,exact_duplicate_shipment_id
train,34991,SHP-42-0011764,exact_duplicate_shipment_id
train,35150,SHP-42-0018768,exact_duplicate_shipment_id
train,35198,SHP-42-0008447,exact_duplicate_shipment_id
train,35270,SHP-42-0010900,exact_duplicate_shipment_id
train,35585,SHP-42-0049203,exact_duplicate_shipment_id
train,35822,SHP-42-0005850,exact_duplicate_shipment_id
train,35903,SHP-42-0001447,exact_duplicate_shipment_id
train,36142,SHP-42-0021639,exact_duplicate_shipment_id
train,36143,SHP-42-0002091,exact_duplicate_shipment_id
train,36365,SHP-42-0029238,exact_duplicate_shipment_id
train,36778,SHP-42-0037542,exact_duplicate_shipment_id
train,37265,SHP-42-0028654,exact_duplicate_shipment_id
train,37683,SHP-42-0019715,exact_duplicate_shipment_id
train,37740,SHP-42-0036678,exact_duplicate_shipment_id
train,37867,SHP-42-0012858,exact_duplicate_shipment_id
train,38018,SHP-42-0035732,exact_duplicate_shipment_id
train,38181,SHP-42-0034068,exact_duplicate_shipment_id
train,38470,SHP-42-0023003,exact_duplicate_shipment_id
train,38550,SHP-42-0046467,exact_duplicate_shipment_id
train,39298,SHP-42-0037545,exact_duplicate_shipment_id
train,39656,SHP-42-0009204,exact_duplicate_shipment_id
train,39872,SHP-42-0046576,exact_duplicate_shipment_id
train,40024,SHP-42-0016850,exact_duplicate_shipment_id
test,3382,SHP-42-0018552,exact_duplicate_shipment_id
test,4249,SHP-42-0043877,exact_duplicate_shipment_id
test,7434,SHP-42-0034654,exact_duplicate_shipment_id
test,8763,SHP-42-0013868,exact_duplicate_shipment_id
test,10006,SHP-42-0038513,exact_duplicate_shipment_id
test,10108,SHP-42-0003943,exact_duplicate_shipment_id
train,64,SHP-42-0032811,train_test_id_overlap
train,860,SHP-42-0016464,train_test_id_overlap
train,872,SHP-42-0006807,train_test_id_overlap
train,1349,SHP-42-0038323,train_test_id_overlap
train,1492,SHP-42-0036298,train_test_id_overlap
train,2127,SHP-42-0041358,train_test_id_overlap
train,2795,SHP-42-0029924,train_test_id_overlap
train,4255,SHP-42-0042875,train_test_id_overlap
train,5078,SHP-42-0049005,train_test_id_overlap
train,5447,SHP-42-0048111,train_test_id_overlap
train,5690,SHP-42-0041926,train_test_id_overlap
train,6055,SHP-42-0044787,train_test_id_overlap
train,6226,SHP-42-0001786,train_test_id_overlap
train,7981,SHP-42-0048444,train_test_id_overlap
train,7995,SHP-42-0025456,train_test_id_overlap
train,9255,SHP-42-0032759,train_test_id_overlap
train,9931,SHP-42-0013599,train_test_id_overlap
train,10494,SHP-42-0029824,train_test_id_overlap
train,10700,SHP-42-0026921,train_test_id_overlap
train,11471,SHP-42-0016794,train_test_id_overlap
train,12415,SHP-42-0020720,train_test_id_overlap
train,12490,SHP-42-0030120,train_test_id_overlap
train,12545,SHP-42-0011323,train_test_id_overlap
train,12564,SHP-42-0019022,train_test_id_overlap
train,13292,SHP-42-0038261,train_test_id_overlap
train,13690,SHP-42-0048311,train_test_id_overlap
train,13891,SHP-42-0040724,train_test_id_overlap
train,14002,SHP-42-0022989,train_test_id_overlap
train,14827,SHP-42-0030558,train_test_id_overlap
train,15045,SHP-42-0035837,train_test_id_overlap
train,15149,SHP-42-0021803,train_test_id_overlap
train,16234,SHP-42-0036125,train_test_id_overlap
train,19050,SHP-42-0036431,train_test_id_overlap
train,19834,SHP-42-0002905,train_test_id_overlap
train,20496,SHP-42-0033479,train_test_id_overlap
train,20883,SHP-42-0026060,train_test_id_overlap
train,21410,SHP-42-0013481,train_test_id_overlap
train,21821,SHP-42-0007120,train_test_id_overlap
train,24112,SHP-42-0031224,train_test_id_overlap
train,24772,SHP-42-0035784,train_test_id_overlap
train,24845,SHP-42-0036638,train_test_id_overlap
train,27193,SHP-42-0030609,train_test_id_overlap
train,28021,SHP-42-0032202,train_test_id_overlap
train,28312,SHP-42-0000973,train_test_id_overlap
train,28365,SHP-42-0033471,train_test_id_overlap
train,28821,SHP-42-0049027,train_test_id_overlap
train,29196,SHP-42-0049679,train_test_id_overlap
train,29386,SHP-42-0042970,train_test_id_overlap
train,29923,SHP-42-0042288,train_test_id_overlap
train,30583,SHP-42-0009032,train_test_id_overlap
train,33025,SHP-42-0030293,train_test_id_overlap
train,33090,SHP-42-0039019,train_test_id_overlap
train,33317,SHP-42-0047412,train_test_id_overlap
train,33531,SHP-42-0003145,train_test_id_overlap
train,34958,SHP-42-0023575,train_test_id_overlap
train,35159,SHP-42-0007833,train_test_id_overlap
train,35282,SHP-42-0038129,train_test_id_overlap
train,36101,SHP-42-0037102,train_test_id_overlap
train,37218,SHP-42-0036027,train_test_id_overlap
train,37820,SHP-42-0045268,train_test_id_overlap
train,38049,SHP-42-0004437,train_test_id_overlap
train,38740,SHP-42-0017396,train_test_id_overlap
train,39077,SHP-42-0044165,train_test_id_overlap
test,228,SHP-42-0036638,train_test_id_overlap
test,272,SHP-42-0048311,train_test_id_overlap
test,465,SHP-42-0038323,train_test_id_overlap
test,531,SHP-42-0044165,train_test_id_overlap
test,538,SHP-42-0036431,train_test_id_overlap
test,554,SHP-42-0030293,train_test_id_overlap
test,618,SHP-42-0033479,train_test_id_overlap
test,713,SHP-42-0040724,train_test_id_overlap
test,858,SHP-42-0045268,train_test_id_overlap
test,1080,SHP-42-0042288,train_test_id_overlap
test,1391,SHP-42-0038261,train_test_id_overlap
test,1661,SHP-42-0049005,train_test_id_overlap
test,1692,SHP-42-0025456,train_test_id_overlap
test,2101,SHP-42-0032811,train_test_id_overlap
test,2110,SHP-42-0017396,train_test_id_overlap
test,2300,SHP-42-0035837,train_test_id_overlap
test,2518,SHP-42-0042875,train_test_id_overlap
test,2921,SHP-42-0030558,train_test_id_overlap
test,2926,SHP-42-0048444,train_test_id_overlap
test,3213,SHP-42-0023575,train_test_id_overlap
test,3489,SHP-42-0031224,train_test_id_overlap
test,3552,SHP-42-0037102,train_test_id_overlap
test,3568,SHP-42-0042970,train_test_id_overlap
test,3610,SHP-42-0049027,train_test_id_overlap
test,3666,SHP-42-0030120,train_test_id_overlap
test,3871,SHP-42-0013481,train_test_id_overlap
test,3928,SHP-42-0026060,train_test_id_overlap
test,4864,SHP-42-0033471,train_test_id_overlap
test,4996,SHP-42-0020720,train_test_id_overlap
test,5024,SHP-42-0044787,train_test_id_overlap
test,5140,SHP-42-0011323,train_test_id_overlap
test,5404,SHP-42-0016794,train_test_id_overlap
test,5468,SHP-42-0003145,train_test_id_overlap
test,5520,SHP-42-0007833,train_test_id_overlap
test,5618,SHP-42-0029824,train_test_id_overlap
test,5674,SHP-42-0013599,train_test_id_overlap
test,5777,SHP-42-0049679,train_test_id_overlap
test,5789,SHP-42-0016464,train_test_id_overlap
test,5879,SHP-42-0038129,train_test_id_overlap
test,5985,SHP-42-0036027,train_test_id_overlap
test,6003,SHP-42-0032759,train_test_id_overlap
test,6044,SHP-42-0030609,train_test_id_overlap
test,6263,SHP-42-0019022,train_test_id_overlap
test,6279,SHP-42-0000973,train_test_id_overlap
test,6463,SHP-42-0032202,train_test_id_overlap
test,6717,SHP-42-0035784,train_test_id_overlap
test,6744,SHP-42-0021803,train_test_id_overlap
test,7046,SHP-42-0036125,train_test_id_overlap
test,7067,SHP-42-0007120,train_test_id_overlap
test,7079,SHP-42-0048111,train_test_id_overlap
test,7329,SHP-42-0002905,train_test_id_overlap
test,7362,SHP-42-0009032,train_test_id_overlap
test,7412,SHP-42-0006807,train_test_id_overlap
test,7609,SHP-42-0001786,train_test_id_overlap
test,7882,SHP-42-0029924,train_test_id_overlap
test,7911,SHP-42-0047412,train_test_id_overlap
test,7965,SHP-42-0022989,train_test_id_overlap
test,8867,SHP-42-0041358,train_test_id_overlap
test,9316,SHP-42-0041926,train_test_id_overlap
test,9582,SHP-42-0039019,train_test_id_overlap
test,9729,SHP-42-0026921,train_test_id_overlap
test,9903,SHP-42-0036298,train_test_id_overlap
test,9961,SHP-42-0004437,train_test_id_overlap
